Model,MAE,RMSE
XGBoost,727.516260956845,822.6108013412404
LSTM,727.5422838750428,822.6360153555619
